{"cameraMode":{"drawMode":0,"name":"Shaded","section":"Shading Mode"},"sceneLighting":true,"audioPlay":false,"sceneViewState":{"showFog":true,"showMaterialUpdate":false,"showSkybox":true,"showFlares":true,"showImageEffects":true,"showParticleSystems":true},"in2DMode":false,"pivot":{"x":1.4367568492889405,"y":3.6961655616760256,"z":4.574185848236084},"rotation":{"x":0.05673558637499809,"y":0.3087461292743683,"z":-0.019473833963274957,"w":0.9494178891181946},"size":2.3429219722747804,"orthographic":false}