{"cameraMode":{"drawMode":0,"name":"Shaded","section":"Shading Mode"},"sceneLighting":true,"audioPlay":false,"sceneViewState":{"showFog":true,"showMaterialUpdate":false,"showSkybox":true,"showFlares":true,"showImageEffects":true,"showParticleSystems":true},"in2DMode":false,"pivot":{"x":1.6399999856948853,"y":1.011000156402588,"z":1.5},"rotation":{"x":-0.22601261734962464,"y":-0.017679842188954355,"z":0.0051369210705161098,"w":-0.9741158485412598},"size":1.0606602430343629,"orthographic":false}