{"cameraMode":{"drawMode":0,"name":"Shaded","section":"Shading Mode"},"sceneLighting":true,"audioPlay":false,"sceneViewState":{"m_AlwaysRefresh":false,"showFog":true,"showSkybox":true,"showFlares":true,"showImageEffects":true,"showParticleSystems":true,"showVisualEffectGraphs":true,"m_FxEnabled":true},"in2DMode":false,"pivot":{"x":1.8702492713928223,"y":2.180199146270752,"z":4.837007999420166},"rotation":{"x":0.01951921358704567,"y":-0.01672005094587803,"z":-0.000648356624878943,"w":0.9998419284820557},"size":1.4660253524780274,"orthographic":false}