{"cameraMode":{"drawMode":0,"name":"Shaded","section":"Shading Mode"},"sceneLighting":true,"audioPlay":false,"sceneViewState":{"m_AlwaysRefresh":false,"showFog":true,"showSkybox":true,"showFlares":true,"showImageEffects":true,"showParticleSystems":true,"showVisualEffectGraphs":true,"m_FxEnabled":true},"in2DMode":false,"pivot":{"x":-1.681851863861084,"y":3.400287389755249,"z":5.5858564376831059},"rotation":{"x":0.037348177284002307,"y":0.06399893015623093,"z":0.0034759757108986379,"w":-0.9974079132080078},"size":1.0912423133850098,"orthographic":false}