{"cameraMode":{"drawMode":0,"name":"Shaded","section":"Shading Mode"},"sceneLighting":true,"audioPlay":false,"sceneViewState":{"m_AlwaysRefresh":false,"showFog":true,"showSkybox":true,"showFlares":true,"showImageEffects":true,"showParticleSystems":true,"showVisualEffectGraphs":true,"m_FxEnabled":true},"in2DMode":false,"pivot":{"x":2.466348171234131,"y":0.9550568461418152,"z":8.57944107055664},"rotation":{"x":0.035724837332963946,"y":-0.16738060116767884,"z":0.004672049079090357,"w":0.9854451417922974},"size":3.0906639099121095,"orthographic":false}