{"cameraMode":{"drawMode":0,"name":"Shaded","section":"Shading Mode"},"sceneLighting":true,"audioPlay":false,"sceneViewState":{"showFog":true,"showMaterialUpdate":false,"showSkybox":true,"showFlares":true,"showImageEffects":true,"showParticleSystems":true},"in2DMode":false,"pivot":{"x":26.749998092651368,"y":2.558000087738037,"z":2.2889997959136965},"rotation":{"x":-0.11679572612047196,"y":-0.6426358222961426,"z":0.10021951794624329,"w":-0.7506524324417114},"size":0.9454025030136108,"orthographic":true}