{"cameraMode":{"drawMode":0,"name":"Shaded","section":"Shading Mode"},"sceneLighting":true,"audioPlay":false,"sceneViewState":{"showFog":true,"showMaterialUpdate":false,"showSkybox":true,"showFlares":true,"showImageEffects":true,"showParticleSystems":true},"in2DMode":false,"pivot":{"x":2.75,"y":1.2300024032592774,"z":6.050000190734863},"rotation":{"x":-0.023675303906202318,"y":-0.9760158658027649,"z":0.1430540680885315,"w":-0.16280299425125123},"size":4.6669111251831059,"orthographic":true}