{"cameraMode":{"drawMode":0,"name":"Shaded","section":"Shading Mode"},"sceneLighting":true,"audioPlay":false,"sceneViewState":{"showFog":true,"showMaterialUpdate":false,"showSkybox":true,"showFlares":true,"showImageEffects":true,"showParticleSystems":true},"in2DMode":false,"pivot":{"x":1.6169662475585938,"y":0.5697152018547058,"z":3.25262451171875},"rotation":{"x":0.09845525026321411,"y":-0.5926192402839661,"z":0.07321528345346451,"w":0.7961165904998779},"size":3.54015851020813,"orthographic":true}