{"cameraMode":{"drawMode":0,"name":"Shaded","section":"Shading Mode"},"sceneLighting":true,"audioPlay":false,"sceneViewState":{"showFog":true,"showMaterialUpdate":false,"showSkybox":true,"showFlares":true,"showImageEffects":true,"showParticleSystems":true},"in2DMode":false,"pivot":{"x":25.57470703125,"y":-1.3367092609405518,"z":4.768750190734863},"rotation":{"x":0.5173975229263306,"y":-0.22668884694576264,"z":0.14428658783435822,"w":0.8125380873680115},"size":7.628913879394531,"orthographic":true}