{"cameraMode":{"drawMode":0,"name":"Shaded","section":"Shading Mode"},"sceneLighting":true,"audioPlay":false,"sceneViewState":{"showFog":true,"showMaterialUpdate":false,"showSkybox":true,"showFlares":true,"showImageEffects":true,"showParticleSystems":true},"in2DMode":false,"pivot":{"x":1.638082504272461,"y":0.00942971557378769,"z":1.5265438556671143},"rotation":{"x":-0.11617106944322586,"y":-0.8796926140785217,"z":0.367840051651001,"w":-0.278248131275177},"size":0.8176918625831604,"orthographic":true}