{"cameraMode":{"drawMode":0,"name":"Shaded","section":"Shading Mode"},"sceneLighting":false,"audioPlay":false,"sceneViewState":{"m_AlwaysRefresh":false,"showFog":true,"showSkybox":false,"showFlares":true,"showImageEffects":true,"showParticleSystems":true,"showVisualEffectGraphs":true,"m_FxEnabled":true},"in2DMode":false,"pivot":{"x":-1.4378228187561036,"y":0.03018510341644287,"z":-2.4530181884765627},"rotation":{"x":0.10898581892251969,"y":-0.6111943125724793,"z":0.08399136364459992,"w":0.7796687483787537},"size":2.615645170211792,"orthographic":false}